{
  "id": "MAP_TRAINER_HILL_4F",
  "name": "TrainerHill_4F",
  "layout": "LAYOUT_TRAINER_HILL_4F",
  "music": "MUS_B_TOWER_RS",
  "region_map_section": "MAPSEC_TRAINER_HILL",
  "requires_flash": false,
  "weather": "WEATHER_NONE",
  "map_type": "MAP_TYPE_INDOOR",
  "allow_cycling": false,
  "allow_escaping": false,
  "allow_running": true,
  "show_map_name": false,
  "battle_scene": "MAP_BATTLE_SCENE_NORMAL",
  "connections": null,
  "object_events": [],
  "warp_events": [
    {
      "x": 2,
      "y": 1,
      "elevation": 3,
      "dest_map": "MAP_TRAINER_HILL_3F",
      "dest_warp_id": 1
    },
    {
      "x": 12,
      "y": 1,
      "elevation": 3,
      "dest_map": "MAP_TRAINER_HILL_ROOF",
      "dest_warp_id": 0
    }
  ],
  "coord_events": [],
  "bg_events": []
}
