{
  "id": "MAP_PETALBURG_CITY_POKEMON_CENTER_1F",
  "name": "PetalburgCity_PokemonCenter_1F",
  "layout": "LAYOUT_POKEMON_CENTER_1F",
  "music": "MUS_POKE_CENTER",
  "region_map_section": "MAPSEC_PETALBURG_CITY",
  "requires_flash": false,
  "weather": "WEATHER_NONE",
  "map_type": "MAP_TYPE_INDOOR",
  "allow_cycling": false,
  "allow_escaping": false,
  "allow_running": false,
  "show_map_name": false,
  "battle_scene": "MAP_BATTLE_SCENE_NORMAL",
  "connections": null,
  "object_events": [
    {
      "graphics_id": "OBJ_EVENT_GFX_NURSE",
      "x": 7,
      "y": 2,
      "elevation": 3,
      "movement_type": "MOVEMENT_TYPE_FACE_DOWN",
      "movement_range_x": 0,
      "movement_range_y": 0,
      "trainer_type": "TRAINER_TYPE_NONE",
      "trainer_sight_or_berry_tree_id": "0",
      "script": "PetalburgCity_PokemonCenter_1F_EventScript_Nurse",
      "flag": "0"
    },
    {
      "graphics_id": "OBJ_EVENT_GFX_MAN_4",
      "x": 11,
      "y": 2,
      "elevation": 3,
      "movement_type": "MOVEMENT_TYPE_FACE_DOWN",
      "movement_range_x": 0,
      "movement_range_y": 0,
      "trainer_type": "TRAINER_TYPE_NONE",
      "trainer_sight_or_berry_tree_id": "0",
      "script": "ProfileMan_EventScript_Man",
      "flag": "0"
    },
    {
      "graphics_id": "OBJ_EVENT_GFX_FAT_MAN",
      "x": 2,
      "y": 3,
      "elevation": 3,
      "movement_type": "MOVEMENT_TYPE_FACE_DOWN",
      "movement_range_x": 0,
      "movement_range_y": 0,
      "trainer_type": "TRAINER_TYPE_NONE",
      "trainer_sight_or_berry_tree_id": "0",
      "script": "PetalburgCity_PokemonCenter_1F_EventScript_FatMan",
      "flag": "0"
    },
    {
      "graphics_id": "OBJ_EVENT_GFX_YOUNGSTER",
      "x": 9,
      "y": 6,
      "elevation": 3,
      "movement_type": "MOVEMENT_TYPE_WANDER_AROUND",
      "movement_range_x": 1,
      "movement_range_y": 1,
      "trainer_type": "TRAINER_TYPE_NONE",
      "trainer_sight_or_berry_tree_id": "0",
      "script": "PetalburgCity_PokemonCenter_1F_EventScript_Youngster",
      "flag": "0"
    },
    {
      "graphics_id": "OBJ_EVENT_GFX_WOMAN_5",
      "x": 5,
      "y": 4,
      "elevation": 3,
      "movement_type": "MOVEMENT_TYPE_LOOK_AROUND",
      "movement_range_x": 1,
      "movement_range_y": 1,
      "trainer_type": "TRAINER_TYPE_NONE",
      "trainer_sight_or_berry_tree_id": "0",
      "script": "PetalburgCity_PokemonCenter_1F_EventScript_Woman",
      "flag": "0"
    }
  ],
  "warp_events": [
    {
      "x": 7,
      "y": 8,
      "elevation": 3,
      "dest_map": "MAP_PETALBURG_CITY",
      "dest_warp_id": 3
    },
    {
      "x": 6,
      "y": 8,
      "elevation": 3,
      "dest_map": "MAP_PETALBURG_CITY",
      "dest_warp_id": 3
    },
    {
      "x": 1,
      "y": 6,
      "elevation": 4,
      "dest_map": "MAP_PETALBURG_CITY_POKEMON_CENTER_2F",
      "dest_warp_id": 0
    }
  ],
  "coord_events": [],
  "bg_events": []
}
