{
  "id": "MAP_SLATEPORT_CITY_STERNS_SHIPYARD_2F",
  "name": "SlateportCity_SternsShipyard_2F",
  "layout": "LAYOUT_SLATEPORT_CITY_STERNS_SHIPYARD_2F",
  "music": "MUS_SLATEPORT",
  "region_map_section": "MAPSEC_SLATEPORT_CITY",
  "requires_flash": false,
  "weather": "WEATHER_NONE",
  "map_type": "MAP_TYPE_INDOOR",
  "allow_cycling": false,
  "allow_escaping": false,
  "allow_running": false,
  "show_map_name": false,
  "battle_scene": "MAP_BATTLE_SCENE_NORMAL",
  "connections": null,
  "object_events": [
    {
      "graphics_id": "OBJ_EVENT_GFX_SCIENTIST_1",
      "x": 10,
      "y": 7,
      "elevation": 3,
      "movement_type": "MOVEMENT_TYPE_FACE_UP",
      "movement_range_x": 0,
      "movement_range_y": 0,
      "trainer_type": "TRAINER_TYPE_NONE",
      "trainer_sight_or_berry_tree_id": "0",
      "script": "0x0",
      "flag": "0"
    },
    {
      "graphics_id": "OBJ_EVENT_GFX_SCIENTIST_1",
      "x": 8,
      "y": 4,
      "elevation": 3,
      "movement_type": "MOVEMENT_TYPE_FACE_RIGHT",
      "movement_range_x": 0,
      "movement_range_y": 0,
      "trainer_type": "TRAINER_TYPE_NONE",
      "trainer_sight_or_berry_tree_id": "0",
      "script": "SlateportCity_SternsShipyard_2F_EventScript_Scientist1",
      "flag": "0"
    },
    {
      "graphics_id": "OBJ_EVENT_GFX_SCIENTIST_1",
      "x": 0,
      "y": 9,
      "elevation": 3,
      "movement_type": "MOVEMENT_TYPE_FACE_UP",
      "movement_range_x": 0,
      "movement_range_y": 0,
      "trainer_type": "TRAINER_TYPE_NONE",
      "trainer_sight_or_berry_tree_id": "0",
      "script": "SlateportCity_SternsShipyard_2F_EventScript_Scientist2",
      "flag": "0"
    }
  ],
  "warp_events": [
    {
      "x": 3,
      "y": 1,
      "elevation": 0,
      "dest_map": "MAP_SLATEPORT_CITY_STERNS_SHIPYARD_1F",
      "dest_warp_id": 2
    }
  ],
  "coord_events": [],
  "bg_events": []
}
