{
  "id": "MAP_TERRA_CAVE_ENTRANCE",
  "name": "TerraCave_Entrance",
  "layout": "LAYOUT_TERRA_CAVE_ENTRANCE",
  "music": "MUS_PETALBURG_WOODS",
  "region_map_section": "MAPSEC_TERRA_CAVE",
  "requires_flash": false,
  "weather": "WEATHER_NONE",
  "map_type": "MAP_TYPE_UNDERGROUND",
  "allow_cycling": true,
  "allow_escaping": true,
  "allow_running": true,
  "show_map_name": true,
  "battle_scene": "MAP_BATTLE_SCENE_NORMAL",
  "connections": null,
  "object_events": [],
  "warp_events": [
    {
      "x": 8,
      "y": 18,
      "elevation": 0,
      "dest_map": "MAP_NONE",
      "dest_warp_id": 127
    },
    {
      "x": 14,
      "y": 1,
      "elevation": 3,
      "dest_map": "MAP_TERRA_CAVE_END",
      "dest_warp_id": 0
    }
  ],
  "coord_events": [],
  "bg_events": []
}
